0,0,0,'En casa del Jacinto hay un sillón para morirse. Cuando la gente se pone vieja, un día la invitan a sentarse en el sillón, que es como todos pero con una estrellita plateada en el centro. La persona invitada suspira, mueve un poco las manos como si quisiera alejar la invitación y después va a sentarse en el sillón y muere. Los chicos se divierten en engañar a las visitas en ausencia de la madre, y la invitan a sentarse en aquel sillón de la sala. '
1,0,1,'En casa del Jacinto hay un sofá para morirse. Cuando la gente se pone vieja, un día la invitan a sentarse en el sofá, que es como todos pero con una estrellita plateada en el centro. La persona invitada suspira, mueve un poco las manos como si quisiera alejar la invitación y después va a sentarse en el sofá y muere. Los chicos se divierten en engañar a las visitas en ausencia de la madre, y la invitan a sentarse en aquel sillón de la sala.'
2,0,2,'En casa del Jacinto hay un cuarto para morirse. Cuando la gente se pone vieja, un día la invitan a sentarse en el salón, que es como todos pero con una estrellita plateada en el centro. La persona invitada suspira, mueve un poco las manos como si quisiera alejar la invitación y después va a sentarse allí y muere. Los chicos se divierten en engañar a las visitas en ausencia de la madre, y la invitan a sentarse en aquel sillón de la sala. '
3,1,0,'Soy el oso de los caños de la casa, subo en las horas de silencio por los caños de agua caliente, de la calefacción, del aire fresco. Voy de departamento en departamento. Creo que me estiman porque mi pelo mantiene limpios los caños del edificio. Nada me gusta más que pasar de piso en piso resbalando por los caños de la casa. A veces saco una pata por la canilla y la muchacha del tercero grita que se ha quemado, o gruño a la altura del segundo y la cocinera se queja de que el aire tira mal.'
4,1,1,'Soy el oso de los tubos de la casa, subo en las horas de silencio por los tubos de agua caliente, de la calefacción, del aire fresco. Voy de departamento en departamento. Creo que me estiman porque mi pelo mantiene limpios los tubos del edificio. Nada me gusta más que pasar de piso en piso resbalando por los caños de la casa. A veces saco una pata por la canilla y la muchacha del tercero grita que se ha quemado, o gruño a la altura del segundo y la cocinera se queja de que el aire tira mal.'
5,1,2,'Soy el oso de las calderas de la casa, subo en las horas de silencio por las tuberías de agua caliente, de la calefacción, del aire fresco. Voy de departamento en departamento. Creo que me estiman porque mi pelo mantiene limpias las instalaciones del edificio. Nada me gusta más que pasar de piso en piso resbalando por los caños de la casa. A veces saco una pata por la canilla y la muchacha del tercero grita que se ha quemado, o gruño a la altura del segundo y la cocinera se queja de que el aire tira mal.'
6,2,0,'Lo primero que hace el perico es mirarlo a uno con altanería. No sé si el perico me recorta y me inscribe en su mundo; por mi parte sólo puedo describirlo, aplicar a su presencia un capítulo de gustos y disgustos. Sobre todo sus disgustos porque el perico es repulsivo. Imagínese un pajarraco con una cubretetera de cuerno en la cabeza, una bicicleta aplastada y que se amontona en sí misma, una calcomanía mal sacada y donde predomina un violeta sucio. Ahora el perico da un paso adelante y adopta un aire más seco.'
7,2,1,'Lo primero que hace el loro es mirarlo a uno con altanería. No sé si el loro me recorta y me inscribe en su mundo; por mi parte sólo puedo describirlo, aplicar a su presencia un capítulo de gustos y disgustos. Sobre todo sus disgustos porque el loro es repulsivo. Imagínese un pajarraco con una cubretetera de cuerno en la cabeza, una bicicleta aplastada y que se amontona en sí misma, una calcomanía mal sacada y donde predomina un violeta sucio. Ahora el perico da un paso adelante y adopta un aire más seco.'
8,2,2,'Lo primero que hace el animal es mirarlo a uno con altanería. No sé si me recorta y me inscribe en su mundo; por mi parte sólo puedo describirlo, aplicar a su presencia un capítulo de gustos y disgustos. Sobre todo sus disgustos porque es repulsivo. Imagínese un pajarraco con una cubretetera de cuerno en la cabeza, una bicicleta aplastada y que se amontona en sí misma, una calcomanía mal sacada y donde predomina un violeta sucio. Ahora el perico da un paso adelante y adopta un aire más seco.'
9,3,0,'Los vendedores callejeros que le habían comprado refranes siguieron usándolos en las esquinas, y uno de esos refranes sirvió como seña de la revolución que acabó con los generales y los secretarios. Algunos, antes de morir, pensaron que en realidad todo aquello había sido una torpe confusión y que las palabras y los refranes eran cosa que en rigor pueden venderse pero no comprarse. Y se fueron pudriendo todos, el tiranuelo, el hombre y los generales, pero los refranes resonaban de cuando en cuando en las esquinas.'
10,3,1,'Los vendedores callejeros que le habían comprado proverbios siguieron usándolos en las esquinas, y uno de esos proverbios sirvió como seña de la revolución que acabó con los generales y los secretarios. Algunos, antes de morir, pensaron que en realidad todo aquello había sido una torpe confusión y que las palabras y los proverbios eran cosa que en rigor pueden venderse pero no comprarse. Y se fueron pudriendo todos, el tiranuelo, el hombre y los generales, pero los refranes resonaban de cuando en cuando en las esquinas.'
11,3,2,'Los vendedores callejeros que le habían comprado banderines siguieron usándolos en las esquinas, y uno de esos banderines sirvió como seña de la revolución que acabó con los generales y los secretarios. Algunos, antes de morir, pensaron que en realidad todo aquello había sido una torpe confusión y que las palabras y los discursos eran cosa que en rigor pueden venderse pero no comprarse. Y se fueron pudriendo todos, el tiranuelo, el hombre y los generales, pero los refranes resonaban de cuando en cuando en las esquinas.'
12,4,0,'A la salida del colegio un estudiante advierte que su reloj atrasa. Tristeza del estudiante frente a una multitud de gente que remonta Corrientes a las once y veinte, y él marcha a las once y cuarto. Meditación del estudiante preocupado: "Es tarde, pero menos tarde para mí que para los otros, ellos llegarán a sus casas más tarde, se acostarán más tarde. Yo tengo un reloj con menos vida, yo soy un estudiante desdichado." Mientras toma café en el Richmond de Florida, moja una tostada con sus lágrimas naturales.'
13,4,1,'A la salida del colegio un alumno advierte que su reloj atrasa. Tristeza del alumno frente a una multitud de gente que remonta Corrientes a las once y veinte, y él marcha a las once y cuarto. Meditación del alumno preocupado: "Es tarde, pero menos tarde para mí que para los otros, ellos llegarán a sus casas más tarde, se acostarán más tarde. Yo tengo un reloj con menos vida, yo soy un estudiante desdichado." Mientras toma café en el Richmond de Florida, moja una tostada con sus lágrimas naturales.'
14,4,2,'A la salida del colegio un jovencito advierte que su reloj atrasa. Tristeza del muchacho frente a una multitud de gente que remonta Corrientes a las once y veinte, y él marcha a las once y cuarto. Meditación del joven preocupado: "Es tarde, pero menos tarde para mí que para los otros, ellos llegarán a sus casas más tarde, se acostarán más tarde. Yo tengo un reloj con menos vida, yo soy un estudiante desdichado." Mientras toma café en el Richmond de Florida, moja una tostada con sus lágrimas naturales.'
15,5,0,'Un fama tenía un reloj de pared y todas las semanas le daba cuerda con gran cuidado. Pasó un cronopio y al verlo se puso a reír, fue a su casa e inventó el reloj alcaucil gigante. El reloj de este cronopio es un alcaucil de la gran especie, sujeto por el tallo a un agujero de la pared. Las innumerables hojas del alcaucil marcan la hora presente y además todas las horas, de modo que el cronopio no hace más que sacarle una hoja y ya sabe una hora. Pero al llegar al corazón del alcaucil el tiempo no puede ya medirse.'
16,5,1,'Un fama tenía un reloj de pared y todas las semanas le daba cuerda con gran cuidado. Pasó un cronopio y al verlo se puso a reír, fue a su casa e inventó el reloj alcachofa gigante. El reloj de este cronopio es una alcachofa de la gran especie, sujeta por el tallo a un agujero de la pared. Las innumerables hojas de la alcachofa marcan la hora presente y además todas las horas, de modo que el cronopio no hace más que sacarle una hoja y ya sabe una hora. Pero al llegar al corazón del alcaucil el tiempo no puede ya medirse.'
17,5,2,'Un fama tenía un reloj de pared y todas las semanas le daba cuerda con gran cuidado. Pasó un cronopio y al verlo se puso a reír, fue a su casa e inventó el reloj vegetal gigante. El reloj de este cronopio es uno de la gran especie, sujeto por el tallo a un agujero de la pared. Las innumerables hojas del vegetal marcan la hora presente y además todas las horas, de modo que el cronopio no hace más que sacarle una hoja y ya sabe una hora. Pero al llegar al corazón del alcaucil el tiempo no puede ya medirse.'
18,6,0,'Un hombre es muy rico y tiene sirvienta. Este hombre usa un pañuelo y lo tira al cesto con los papeles. Usa otro, y lo tira nuevamente. Va tirando al cesto todos los pañuelos usados. Cuando se le acaban, compra otra caja. La sirvienta recoge los pañuelos del cesto y los guarda para ella. Como está muy sorprendida por la conducta del hombre, un día no puede contenerse y le pregunta si los pañuelos son para tirar al cesto verdaderamente.'
19,6,1,'Un hombre es muy rico y tiene sirvienta. Este hombre usa un pañuelo y lo tira al tacho con los papeles. Usa otro, y lo tira nuevamente. Va tirando al tacho todos los pañuelos usados. Cuando se le acaban, compra otra caja. La sirvienta recoge los pañuelos del tacho y los guarda para ella. Como está muy sorprendida por la conducta del hombre, un día no puede contenerse y le pregunta si los pañuelos son para tirar al cesto verdaderamente.'
20,6,2,'Un hombre es muy rico y tiene sirvienta. Este hombre usa un pañuelo y lo tira al ático con los papeles. Usa otro, y lo tira nuevamente. Va tirando allí todos los pañuelos usados. Cuando se le acaban, compra otra caja. La sirvienta recoge los pañuelos usados y los guarda para ella. Como está muy sorprendida por la conducta del hombre, un día no puede contenerse y le pregunta si los pañuelos son para tirar al cesto verdaderamente.'
21,7,0,'El lunes pasado fueron las sandalias las que me llamaron la atención. A la hora de entrada era extraordinario el número de sandalias que se desplazaban en la galería de entrada. Estaban por todos lados. En mi oficina encontré seis sandalias delicadas; en la cantina, a mediodía, había más de quinientas, simétricamente ordenadas en dobles filas. Era divertido ver de cuando en cuando dos sandalias que remontaban, salían de la fila y se alejaban. Parecían alas.'
22,7,1,'El lunes pasado fueron las chancletas las que me llamaron la atención. A la hora de entrada era extraordinario el número de chancletas que se desplazaban en la galería de entrada. Estaban por todos lados. En mi oficina encontré seis chancletas delicadas; en la cantina, a mediodía, había más de quinientas, simétricamente ordenadas en dobles filas. Era divertido ver de cuando en cuando dos sandalias que remontaban, salían de la fila y se alejaban. Parecían alas.'
23,7,2,'El lunes pasado fueron las muchachas las que me llamaron la atención. A la hora de entrada era extraordinario el número de señoritas que se desplazaban en la galería de entrada. Estaban por todos lados. En mi oficina encontré seis señoritas delicadas; en la cantina, a mediodía, había más de quinientas, simétricamente ordenadas en dobles filas. Era divertido ver de cuando en cuando dos sandalias que remontaban, salían de la fila y se alejaban. Parecían alas.'
24,8,0,'La facilidad para evitar los cruzamientos es importante en la formación de nuevas razas de animales. En este concepto, el aislamiento del país influye mucho. Los salvajes nómadas y los habitantes de llanuras rara vez poseen varias razas del mismo animal. Las palomas pueden ser apareadas para toda su vida, y ésta es una ventaja para el criador, pues así muchas razas pueden ser mejoradas y mantenidas puras, aunque estén mezcladas en el mismo palomar, y esto debe haber favorecido mucho la formación de razas nuevas.'
25,8,1,'La facilidad para evitar los cruzamientos es importante en la formación de nuevas especies de animales. En este concepto, el aislamiento del país influye mucho. Los salvajes nómadas y los habitantes de llanuras rara vez poseen varias especies del mismo animal. Las palomas pueden ser apareadas para toda su vida, y ésta es una ventaja para el criador, pues así muchas especies pueden ser mejoradas y mantenidas puras, aunque estén mezcladas en el mismo palomar, y esto debe haber favorecido mucho la formación de razas nuevas.'
26,8,2,'La facilidad para evitar los cruzamientos es importante en la formación de nuevas variedades de animales. En este concepto, el aislamiento del país influye mucho. Los salvajes nómadas y los habitantes de llanuras rara vez poseen varias formas del mismo animal. Las palomas pueden ser apareadas para toda su vida, y ésta es una ventaja para el criador, pues así muchas características pueden ser mejoradas y mantenidas puras, aunque estén mezcladas en el mismo palomar, y esto debe haber favorecido mucho la formación de razas nuevas.'
27,9,0,'Los matemáticos dicen que las abejas han resuelto un difícil problema y que han hecho sus celdas de la forma adecuada para que contengan la mayor cantidad de miel con el menor gasto posible de la preciosa cera. Se ha hecho observar que un obrero diestro, con herramientas y medidas adecuadas, encontraría muy difícil hacer celdas de cera de la forma debida. Me indujo a investigar este asunto Waterhouse, quien ha demostrado que la forma de las celdas está en íntima relación con la existencia de celdas adyacentes.'
28,9,1,'Los matemáticos dicen que las abejas han resuelto un difícil problema y que han hecho sus panales de la forma adecuada para que contengan la mayor cantidad de miel con el menor gasto posible de la preciosa cera. Se ha hecho observar que un obrero diestro, con herramientas y medidas adecuadas, encontraría muy difícil hacer panales de cera de la forma debida. Me indujo a investigar este asunto Waterhouse, quien ha demostrado que la forma de los panales está en íntima relación con la existencia de celdas adyacentes.'
29,9,2,'Los matemáticos dicen que las abejas han resuelto un difícil problema y que han hecho sus recintos de la forma adecuada para que contengan la mayor cantidad de miel con el menor gasto posible de la preciosa cera. Se ha hecho observar que un obrero diestro, con herramientas y medidas adecuadas, encontraría muy difícil hacer construcciones de cera de la forma debida. Me indujo a investigar este asunto Waterhouse, quien ha demostrado que la forma de los recintos está en íntima relación con la existencia de celdas adyacentes.'
30,10,0,'Mantuve suspendido el pie de un ganso en un acuario donde se desarrollaban muchos huevos de caracol de agua dulce, y observé que un gran número de caracoles pequeñísimos, acabados de nacer, se arrastraban por el pie del ganso y se adherían a él tan fuertemente que, sacado fuera del agua, no podían ser arrancados sacudiéndolo. Estos caracoles, aunque acuáticos por naturaleza, sobrevivieron en el pie del ganso, en aire húmedo, de doce a veinte horas. En este espacio de tiempo un ganso podría volar 600 millas.'
31,10,1,'Mantuve suspendido el pie de una oca en un acuario donde se desarrollaban muchos huevos de caracol de agua dulce, y observé que un gran número de caracoles pequeñísimos, acabados de nacer, se arrastraban por el pie de la oca y se adherían a él tan fuertemente que, sacado fuera del agua, no podían ser arrancados sacudiéndolo. Estos caracoles, aunque acuáticos por naturaleza, sobrevivieron en el pie de la oca, en aire húmedo, de doce a veinte horas. En este espacio de tiempo un ganso podría volar 600 millas.'
32,10,2,'Mantuve suspendido el pie de un ave en un acuario donde se desarrollaban muchos huevos de caracol de agua dulce, y observé que un gran número de caracoles pequeñísimos, acabados de nacer, se arrastraban por el pie del animal y se adherían a él tan fuertemente que, sacado fuera del agua, no podían ser arrancados sacudiéndolo. Estos caracoles, aunque acuáticos por naturaleza, sobrevivieron en el pie del ave, en aire húmedo, de doce a veinte horas. En este espacio de tiempo un ganso podría volar 600 millas.'
33,11,0,'Klimt realizó este boceto para un retrato de Ariana a carboncillo y lápiz rojo. La obra se la encargó su padre en 1911. Este boceto transmite la impresión de que el personaje es objeto de afecto de Klimt. Ariana tiene una expresión serena y su belleza se ve realzada por una sensación de inocencia vulnerable. Aunque el boceto carece de la profundidad del contexto, el artista consigue mostrar en ella la vitalidad de una mujer joven. La inocencia transmitida por este boceto recuerda algunos de los retratos de Renoir.'
34,11,1,'Klimt realizó este bosquejo para un retrato de Ariana a carboncillo y lápiz rojo. La obra se la encargó su padre en 1911. Este bosquejo transmite la impresión de que el personaje es objeto de afecto de Klimt. Ariana tiene una expresión serena y su belleza se ve realzada por una sensación de inocencia vulnerable. Aunque el bosquejo carece de la profundidad del contexto, el artista consigue mostrar en ella la vitalidad de una mujer joven. La inocencia transmitida por este boceto recuerda algunos de los retratos de Renoir.'
35,11,2,'Klimt realizó este trabajo para un retrato de Ariana a carboncillo y lápiz rojo. La obra se la encargó su padre en 1911. Este trabajo transmite la impresión de que el personaje es objeto de afecto de Klimt. Ariana tiene una expresión serena y su belleza se ve realzada por una sensación de inocencia vulnerable. Aunque el trabajo carece de la profundidad del contexto, el artista consigue mostrar en ella la vitalidad de una mujer joven. La inocencia transmitida por este boceto recuerda algunos de los retratos de Renoir.'
36,12,0,'Hay países con muy larga tradición en divulgación científica de los que podríamos aprender mucho, pero acá sucede que cada vez que hay un proyecto de divulgación científica se arranca desde cero suponiendo que aquellos que lo inician tendrán la idea original y que resultará bien. Esto generó que no haya habido continuidad. Para que exista verdaderamente divulgación es necesario que resulte de la interacción entre el sistema universitario y el sector público como estimulador del uso de trabajos de divulgación en general.'
37,12,1,'Hay países con muy larga tradición en difusión científica de los que podríamos aprender mucho, pero acá sucede que cada vez que hay un proyecto de difusión científica se arranca desde cero suponiendo que aquellos que lo inician tendrán la idea original y que resultará bien. Esto generó que no haya habido continuidad. Para que exista verdaderamente difusión es necesario que resulte de la interacción entre el sistema universitario y el sector público como estimulador del uso de trabajos de divulgación en general.'
38,12,2,'Hay países con muy larga tradición en exploración científica de los que podríamos aprender mucho, pero acá sucede que cada vez que hay un proyecto de producción científica se arranca desde cero suponiendo que aquellos que lo inician tendrán la idea original y que resultará bien. Esto generó que no haya habido continuidad. Para que exista verdaderamente producción es necesario que resulte de la interacción entre el sistema universitario y el sector público como estimulador del uso de trabajos de divulgación en general.'
39,13,0,'Para llevar a cabo nuestro trabajo utilizamos mesocosmos y microcosmos, que son tanques de líquido de gran tamaño, y también algunos recipientes de líquido más chicos. Allí hacemos ensayos y tratamos de determinar cuál es el impacto sobre las comunidades microbianas del líquido que produce este herbicida tan utilizado en todo el mundo. Particularmente, estudiamos la calidad del líquido y cómo se afecta esa calidad con el uso del herbicida.'
40,13,1,'Para llevar a cabo nuestro trabajo utilizamos mesocosmos y microcosmos, que son tanques de fluido de gran tamaño, y también algunos recipientes de fluido más chicos. Allí hacemos ensayos y tratamos de determinar cuál es el impacto sobre las comunidades microbianas del fluido que produce este herbicida tan utilizado en todo el mundo. Particularmente, estudiamos la calidad del líquido y cómo se afecta esa calidad con el uso del herbicida.'
41,13,2,'Para llevar a cabo nuestro trabajo utilizamos mesocosmos y microcosmos, que son tanques de lodo de gran tamaño, y también algunos recipientes de lodo más chicos. Allí hacemos ensayos y tratamos de determinar cuál es el impacto sobre las comunidades microbianas del lodo que produce este herbicida tan utilizado en todo el mundo. Particularmente, estudiamos la calidad del líquido y cómo se afecta esa calidad con el uso del herbicida.'
42,14,0,'Una vieja lechuza se enteró de que en cierto palomar vivían bien alimentadas unas palomas. Un día se pintó de blanco y se mezcló con ellas. Las palomas no reconocieron a la intrusa mientras estuvo sin abrir el pico; pero un día que olvidó cuál era su papel, chilló como lechuza que era y las palomas la echaron a picotazos del palomar. Desconcertada, la lechuza regresó a la torre de la iglesia donde vivía. Pero allí, por su disfraz, ninguna lechuza amiga la reconoció, y así la pobre perdió hasta su propio refugio.'
43,14,1,'Un viejo búho se enteró de que en cierto palomar vivían bien alimentadas unas palomas. Un día se pintó de blanco y se mezcló con ellas. Las palomas no reconocieron al intruso mientras estuvo sin abrir el pico; pero un día que olvidó cuál era su papel, chilló como búho que era y las palomas lo echaron a picotazos del palomar. Desconcertado, el búho regresó a la torre de la iglesia donde vivía. Pero allí, por su disfraz, ninguna lechuza amiga la reconoció, y así la pobre perdió hasta su propio refugio.'
44,14,2,'Una vieja ardilla se enteró de que en cierto palomar vivían bien alimentadas unas palomas. Un día se pintó de blanco y se mezcló con ellas. Las palomas no reconocieron a la intrusa mientras estuvo sin abrir el pico; pero un día que olvidó cuál era su papel, chilló como ardilla que era y las palomas la echaron a picotazos del palomar. Desconcertada, la ardilla regresó a la torre de la iglesia donde vivía. Pero allí, por su disfraz, ninguna lechuza amiga la reconoció, y así la pobre perdió hasta su propio refugio.'
45,15,0,'Un granjero tenía un joven cachorro como guardián de sus cultivos. El animal era tan bravo que jamás nadie se atrevió a acercarse a los sembrados. El amo, cuidadoso de su mascota, lo alimentaba lo mejor que podía, y el cachorro redoblaba el cuidado de los campos. Un día el buey del establo quiso probar un bocado de la alfalfa que su amo le guardaba, pero el cachorro, poniéndose furioso, trató de ahuyentarlo. El buey, reprochando su equivocada conducta, le dijo: Eres un tonto, cachorro envidioso. Ni comes ni dejas comer.'
46,15,1,'Un granjero tenía un joven can como guardián de sus cultivos. El animal era tan bravo que jamás nadie se atrevió a acercarse a los sembrados. El amo, cuidadoso de su mascota, lo alimentaba lo mejor que podía, y el can redoblaba el cuidado de los campos. Un día el buey del establo quiso probar un bocado de la alfalfa que su amo le guardaba, pero el can, poniéndose furioso, trató de ahuyentarlo. El buey, reprochando su equivocada conducta, le dijo: Eres un tonto, cachorro envidioso. Ni comes ni dejas comer.'
47,15,2,'Un granjero tenía un joven zorro como guardián de sus cultivos. El animal era tan bravo que jamás nadie se atrevió a acercarse a los sembrados. El amo, cuidadoso de su mascota, lo alimentaba lo mejor que podía, y el zorro redoblaba el cuidado de los campos. Un día el buey del establo quiso probar un bocado de la alfalfa que su amo le guardaba, pero el zorro, poniéndose furioso, trató de ahuyentarlo. El buey, reprochando su equivocada conducta, le dijo: Eres un tonto, cachorro envidioso. Ni comes ni dejas comer.'
48,16,0,'El gran visir, el primer consejero del monarca, había inventado un nuevo juego. Se jugaba con piezas móviles sobre un tablero cuadrado formado por 64 escaques rojos y negros. La pieza más importante era el monarca del reino. La seguía en valor el gran visir, tal como cabía esperar de un juego inventado por un gran visir. El objetivo del juego era capturar al monarca enemigo y, en consecuencia, recibió en lengua persa el nombre de shah-mat: muerte al monarca del reino.'
49,16,1,'El gran visir, el primer consejero del sultán, había inventado un nuevo juego. Se jugaba con piezas móviles sobre un tablero cuadrado formado por 64 escaques rojos y negros. La pieza más importante era el sultán del reino. La seguía en valor el gran visir, tal como cabía esperar de un juego inventado por un gran visir. El objetivo del juego era capturar al sultán enemigo y, en consecuencia, recibió en lengua persa el nombre de shah-mat: muerte al monarca del reino.'
50,16,2,'El gran visir, el primer consejero del guerrero, había inventado un nuevo juego. Se jugaba con piezas móviles sobre un tablero cuadrado formado por 64 escaques rojos y negros. La pieza más importante era el guerrero del reino. La seguía en valor el gran visir, tal como cabía esperar de un juego inventado por un gran visir. El objetivo del juego era capturar al enemigo y, en consecuencia, recibió en lengua persa el nombre de shah-mat: muerte al monarca del reino.'
51,17,0,'La persona ubicada a su lado era una muchachita tímida (confusamente la distinguió rubia, vestida de luto), y esta muchachita hundida en su asiento, tenía el rostro resueltamente vuelto hacia la señorita Leonidas. Pero la miraba como quien espera que después de esa risa ocurra una cosa tremenda. Y esta muchachita ahora espera que esa cosa tremenda suceda. Se dedicó a mirar por la ventanilla, esperó un rato y luego miró hacia delante. No necesitó más para comprobar que la muchachita no había cambiado de posición.'
52,17,1,'La persona ubicada a su lado era una doncella tímida (confusamente la distinguió rubia, vestida de luto), y esta doncella hundida en su asiento, tenía el rostro resueltamente vuelto hacia la señorita Leonidas. Pero la miraba como quien espera que después de esa risa ocurra una cosa tremenda. Y esta doncella ahora espera que esa cosa tremenda suceda. Se dedicó a mirar por la ventanilla, esperó un rato y luego miró hacia delante. No necesitó más para comprobar que la muchachita no había cambiado de posición.'
53,17,2,'La persona ubicada a su lado era un alma tímida (confusamente la distinguió rubia, vestida de luto), y esta, hundida en su asiento, tenía el rostro resueltamente vuelto hacia la señorita Leonidas. Pero la miraba como quien espera que después de esa risa ocurra una cosa tremenda. Y ella ahora espera que esa cosa tremenda suceda. Se dedicó a mirar por la ventanilla, esperó un rato y luego miró hacia delante. No necesitó más para comprobar que la muchachita no había cambiado de posición.'
54,18,0,'Había soñado esto: teníamos que ir a la residencia de un señor que nos había citado. Llegué a la residencia indicada, que desde afuera parecía normal, y entré. Al entrar tuve la certeza de que no era así, de que era una residencia diferente a las demás. El dueño me dijo: Lo estaba esperando. Intuí que había caído en una trampa y quise huir de esa residencia extraña. Hice un enorme esfuerzo, pero era tarde: mi cuerpo ya no me obedecía. Me resigné a presenciar lo que iba a pasar, como si fuera un acontecimiento ajeno a mí.'
55,18,1,'Había soñado esto: teníamos que ir a la vivienda de un señor que nos había citado. Llegué a la vivienda indicada, que desde afuera parecía normal, y entré. Al entrar tuve la certeza de que no era así, de que era una vivienda diferente a las demás. El dueño me dijo: Lo estaba esperando. Intuí que había caído en una trampa y quise huir de esa residencia extraña. Hice un enorme esfuerzo, pero era tarde: mi cuerpo ya no me obedecía. Me resigné a presenciar lo que iba a pasar, como si fuera un acontecimiento ajeno a mí.'
56,18,2,'Había soñado esto: teníamos que ir a la recepción de un señor que nos había citado. Llegué al sitio indicado, que desde afuera parecía normal, y entré. Al entrar tuve la certeza de que no era así, de que era una escena diferente a las demás. El dueño me dijo: Lo estaba esperando. Intuí que había caído en una trampa y quise huir de esa residencia extraña. Hice un enorme esfuerzo, pero era tarde: mi cuerpo ya no me obedecía. Me resigné a presenciar lo que iba a pasar, como si fuera un acontecimiento ajeno a mí.'
57,19,0,'Sólo el verdugo argüía que era tan imposible cortar una cabeza sin cuerpo como decapitar un cuerpo sin cabeza, y que nunca había sido requerido como verdugo para hacer algo así. Según el Rey, todo lo que tuviera una cabeza podía ser decapitado. Como el gato era de la Duquesa, decidieron mandar a buscarla para preguntárselo a ella. El verdugo salió como una flecha. Mientras tanto, la cabeza del gato había comenzado a desvanecerse, y cuando el verdugo volvió con la Duquesa, había desaparecido del todo.'
58,19,1,'Sólo el asesino argüía que era tan imposible cortar una cabeza sin cuerpo como decapitar un cuerpo sin cabeza, y que nunca había sido requerido como asesino para hacer algo así. Según el Rey, todo lo que tuviera una cabeza podía ser decapitado. Como el gato era de la Duquesa, decidieron mandar a buscarla para preguntárselo a ella. El asesino salió como una flecha. Mientras tanto, la cabeza del gato había comenzado a desvanecerse, y cuando el verdugo volvió con la Duquesa, había desaparecido del todo.'
59,19,2,'Sólo el consejero argüía que era tan imposible cortar una cabeza sin cuerpo como decapitar un cuerpo sin cabeza, y que nunca había sido requerido como consejero para hacer algo así. Según el Rey, todo lo que tuviera una cabeza podía ser decapitado. Como el gato era de la Duquesa, decidieron mandar a buscarla para preguntárselo a ella. El encargado salió como una flecha. Mientras tanto, la cabeza del gato había comenzado a desvanecerse, y cuando el verdugo volvió con la Duquesa, había desaparecido del todo.'
60,20,0,'Una noche llegó volando a la ciudad una golondrina. Sus amigas se habían ido a Egipto semanas antes, ella se había quedado porque estaba enamorada de un junco precioso. Se habían conocido a principios de la primavera, y un día en que ella volaba detrás de una mariposa, el esbelto junco le hizo detener su vuelo y le habló. Te amaré, dijo la golondrina, y el junco respondió con una reverencia hacia ella. Es un desafortunado enamoramiento, pensaban las otras golondrinas. Es un junco viejo y tiene demasiada familia.'
61,20,1,'Una noche llegó volando a la ciudad una golondrina. Sus amigas se habían ido a Egipto semanas antes, ella se había quedado porque estaba enamorada de un tallo precioso. Se habían conocido a principios de la primavera, y un día en que ella volaba detrás de una mariposa, el esbelto tallo le hizo detener su vuelo y le habló. Te amaré, dijo la golondrina, y el tallo respondió con una reverencia hacia ella. Es un desafortunado enamoramiento, pensaban las otras golondrinas. Es un junco viejo y tiene demasiada familia.'
62,20,2,'Una noche llegó volando a la ciudad una golondrina. Sus amigas se habían ido a Egipto semanas antes, ella se había quedado porque estaba enamorada de un jovenzuelo precioso. Se habían conocido a principios de la primavera, y un día en que ella volaba detrás de una mariposa, el esbelto muchacho le hizo detener su vuelo y le habló. Te amaré, dijo la golondrina, y él respondió con una reverencia hacia ella. Es un desafortunado enamoramiento, pensaban las otras golondrinas. Es un junco viejo y tiene demasiada familia.'
63,21,0,'Las voces cundieron por la ciudad y llegó por fin un día en que la admiración de los hombres se asentó en aquel corcel de carreras. Los organizadores llegaron en tropel a contratarlo, y el corcel recibió recompensas por el solo espectáculo de su carrera. Entonces el corcel tuvo por primera vez un pensamiento de amargura, al pensar en lo feliz que hubiera sido en su juventud si le hubieran ofrecido la milésima parte de lo que ahora le daban. En aquel tiempo un solo puñado de alfalfa hubiera hecho al corcel más feliz de todos.'
64,21,1,'Las voces cundieron por la ciudad y llegó por fin un día en que la admiración de los hombres se asentó en aquel potro de carreras. Los organizadores llegaron en tropel a contratarlo, y el potro recibió recompensas por el solo espectáculo de su carrera. Entonces el potro tuvo por primera vez un pensamiento de amargura, al pensar en lo feliz que hubiera sido en su juventud si le hubieran ofrecido la milésima parte de lo que ahora le daban. En aquel tiempo un solo puñado de alfalfa hubiera hecho al corcel más feliz de todos.'
65,21,2,'Las voces cundieron por la ciudad y llegó por fin un día en que la admiración de los hombres se asentó en aquel jinete de carreras. Los organizadores llegaron en tropel a contratarlo, y el jinete recibió recompensas por el solo espectáculo de su carrera. Entonces el jinete tuvo por primera vez un pensamiento de amargura, al pensar en lo feliz que hubiera sido en su juventud si le hubieran ofrecido la milésima parte de lo que ahora le daban. En aquel tiempo un solo puñado de alfalfa hubiera hecho al corcel más feliz de todos.'
66,22,0,'Cada primavera, durante muchos años, me he impuesto la tarea de escribir un listado personal de mis creencias. Cuando era más joven, el listado ocupaba muchas páginas. Sonaba como una sentencia de la Corte Suprema, como si las palabras pudiesen resolver todos los conflictos sobre el sentido de la existencia. Pero el listado se ha abreviado en los últimos años, y sigo trabajando en él. Recientemente me he empeñado en reducir el listado a una sola página y en palabras simples, aunque resulte ingenuo.'
67,22,1,'Cada primavera, durante muchos años, me he impuesto la tarea de escribir un enunciado personal de mis creencias. Cuando era más joven, el enunciado ocupaba muchas páginas. Sonaba como una sentencia de la Corte Suprema, como si las palabras pudiesen resolver todos los conflictos sobre el sentido de la existencia. Pero el enunciado se ha abreviado en los últimos años, y sigo trabajando en él. Recientemente me he empeñado en reducir el listado a una sola página y en palabras simples, aunque resulte ingenuo.'
68,22,2,'Cada primavera, durante muchos años, me he impuesto la tarea de escribir un cuaderno personal de mis creencias. Cuando era más joven, el cuaderno ocupaba muchas páginas. Sonaba como una sentencia de la Corte Suprema, como si las palabras pudiesen resolver todos los conflictos sobre el sentido de la existencia. Pero el texto se ha abreviado en los últimos años, y sigo trabajando en él. Recientemente me he empeñado en reducir el listado a una sola página y en palabras simples, aunque resulte ingenuo.'
69,23,0,'El lavarropas murió la semana pasada. Supongo que lo sobrecargué de jabón y la carga se amontonó a un lado durante el ciclo de centrifugado. Por eso se puso a bailar y reventó. Yo creí que me atacaba a mí. Por un momento pareció un ser vivo, lleno de jabón a medio digerir y con espuma alrededor de la boca, porque supongo que le puse demasiado jabón adentro. Cinco minutos más tarde, falleció el secarropas. Era un sábado por la tarde. Todas las toallas de la casa estaban mojadas con jabón sin enjuagar.'
70,23,1,'El lavarropas murió la semana pasada. Supongo que lo sobrecargué de detergente y la carga se amontonó a un lado durante el ciclo de centrifugado. Por eso se puso a bailar y reventó. Yo creí que me atacaba a mí. Por un momento pareció un ser vivo, lleno de detergente a medio digerir y con espuma alrededor de la boca, porque supongo que le puse demasiado detergente adentro. Cinco minutos más tarde, falleció el secarropas. Era un sábado por la tarde. Todas las toallas de la casa estaban mojadas con jabón sin enjuagar.'
71,23,2,'El lavarropas murió la semana pasada. Supongo que lo sobrecargué de ropa y la carga se amontonó a un lado durante el ciclo de centrifugado. Por eso se puso a bailar y reventó. Yo creí que me atacaba a mí. Por un momento pareció un ser vivo, lleno de ropa a medio digerir y con espuma alrededor de la boca, porque supongo que le puse demasiadas cosas adentro. Cinco minutos más tarde, falleció el secarropas. Era un sábado por la tarde. Todas las toallas de la casa estaban mojadas con jabón sin enjuagar.'
72,24,0,'Tengo un deseo recurrente que me pinta de cuerpo entero. Es mi sueño de pulir el bastón de madera. Un día, un comité de ancianos llamará a mi puerta y me dirá que ha llegado el momento de cumplir el ritual del bastón pulido. Tu tarea es simplemente esta: pasar una semana puliendo un bastón hermoso. Te dan papel de lija, aceite de limón y trapos. Y, por supuesto, el bastón, un bonito pero simple trozo de madera. Lo único que tienes que hacer es pulirlo.'
73,24,1,'Tengo un deseo recurrente que me pinta de cuerpo entero. Es mi sueño de pulir el garrote de madera. Un día, un comité de ancianos llamará a mi puerta y me dirá que ha llegado el momento de cumplir el ritual del garrote pulido. Tu tarea es simplemente esta: pasar una semana puliendo un garrote hermoso. Te dan papel de lija, aceite de limón y trapos. Y, por supuesto, el bastón, un bonito pero simple trozo de madera. Lo único que tienes que hacer es pulirlo.'
74,24,2,'Tengo un deseo recurrente que me pinta de cuerpo entero. Es mi sueño de pulir el portón de madera. Un día, un comité de ancianos llamará a mi puerta y me dirá que ha llegado el momento de cumplir el ritual del portón pulido. Tu tarea es simplemente esta: pasar una semana puliendo un portón hermoso. Te dan papel de lija, aceite de limón y trapos. Y, por supuesto, el bastón, un bonito pero simple trozo de madera. Lo único que tienes que hacer es pulirlo.'
75,25,0,'Cierto año no recibí muchas tarjetas de Navidad. Una tarde de febrero, este perturbador recuerdo brotó de algún oscuro rincón de mi mente, que es la fuente de toda información inútil. Me sentí mal, pero pude soportarlo. No me quejaré de que mis amigos no me aprecian siquiera para enviarme tarjetas festivas. En el siguiente mes de agosto, estaba en el altillo poniendo orden cuando encontré una caja de tarjetas sin abrir de la Navidad anterior. Bajé la caja y, en un caluroso día de verano, leí todas las tarjetas olvidadas.'
76,25,1,'Cierto año no recibí muchas postales de Navidad. Una tarde de febrero, este perturbador recuerdo brotó de algún oscuro rincón de mi mente, que es la fuente de toda información inútil. Me sentí mal, pero pude soportarlo. No me quejaré de que mis amigos no me aprecian siquiera para enviarme postales festivas. En el siguiente mes de agosto, estaba en el altillo poniendo orden cuando encontré una caja de postales sin abrir de la Navidad anterior. Bajé la caja y, en un caluroso día de verano, leí todas las tarjetas olvidadas.'
77,25,2,'Cierto año no recibí muchas galletas de Navidad. Una tarde de febrero, este perturbador recuerdo brotó de algún oscuro rincón de mi mente, que es la fuente de toda información inútil. Me sentí mal, pero pude soportarlo. No me quejaré de que mis amigos no me aprecian siquiera para enviarme galletas festivas. En el siguiente mes de agosto, estaba en el altillo poniendo orden cuando encontré una caja de galletas sin abrir de la Navidad anterior. Bajé la caja y, en un caluroso día de verano, leí todas las tarjetas olvidadas.'
78,26,0,'Un enjambre de moscas daba vueltas alrededor del farol. De vez en cuando, una de las moscas chocaba con el vidrio candente y caía en picada. Por fin, una se salió de la órbita y fue a parar a la telaraña más cercana. La araña la atacó, la envolvió y chupó sus jugos vitales despiadadamente. A los chicos les encantó. Animados por esta escena homicida, comenzaron una diabólica matanza del resto de las moscas voladoras. Las golpeaban con un diario enrollado. Yo salí en defensa de las moscas pues me pareció injusto.'
79,26,1,'Un enjambre de moscardones daba vueltas alrededor del farol. De vez en cuando, uno de los moscardones chocaba con el vidrio candente y caía en picada. Por fin, uno se salió de la órbita y fue a parar a la telaraña más cercana. La araña lo atacó, lo envolvió y chupó sus jugos vitales despiadadamente. A los chicos les encantó. Animados por esta escena homicida, comenzaron una diabólica matanza del resto de los moscardones voladores. Los golpeaban con un diario enrollado. Yo salí en defensa de las moscas pues me pareció injusto.'
80,26,2,'Un enjambre de insectos daba vueltas alrededor del farol. De vez en cuando, uno de ellos chocaba con el vidrio candente y caía en picada. Por fin, uno se salió de la órbita y fue a parar a la telaraña más cercana. La araña lo atacó, lo envolvió y chupó sus jugos vitales despiadadamente. A los chicos les encantó. Animados por esta escena homicida, comenzaron una diabólica matanza del resto de los bichos voladores. Los golpeaban con un diario enrollado. Yo salí en defensa de las moscas pues me pareció injusto.'
81,27,0,'Es diciembre en Oslo. El mensaje de la Navidad para el mundo es de tranquilidad total. No la tranquilidad de un niño dormido en el antiguo pesebre. Ni la de un banquete y una siesta junto al fuego. Sino una tranquilidad fuerte, vital, que procede del gesto extraordinario que hace esa noche una simple mujer, de sari descolorido y sandalias gastadas. Una tranquilidad de espíritu que procede de su trabajo. Su presencia transmite paz.'
82,27,1,'Es diciembre en Oslo. El mensaje de la Navidad para el mundo es de calma total. No la calma de un niño dormido en el antiguo pesebre. Ni la de un banquete y una siesta junto al fuego. Sino una calma fuerte, vital, que procede del gesto extraordinario que hace esa noche una simple mujer, de sari descolorido y sandalias gastadas. Una tranquilidad de espíritu que procede de su trabajo. Su presencia transmite paz.'
83,27,2,'Es diciembre en Oslo. El mensaje de la Navidad para el mundo es de dicha total. No la alegría de un niño dormido en el antiguo pesebre. Ni la de un banquete y una siesta junto al fuego. Sino una dicha fuerte, vital, que procede del gesto extraordinario que hace esa noche una simple mujer, de sari descolorido y sandalias gastadas. Una tranquilidad de espíritu que procede de su trabajo. Su presencia transmite paz.'
84,28,0,'La cocinera salió a la vereda y regresó con los detalles. A partir de esa noche se establecía el toque de queda. Nadie podía salir a la vereda después de las ocho, y hasta las cinco de la mañana, sin un salvoconducto firmado por el alcalde. La policía tenía orden de dar tres veces la voz de alto a toda persona que encontrara en la vereda y si no era obedecida tenía orden de disparar. El alcalde organizaría rondas de civiles para colaborar con la policía en la vigilancia nocturna de esa vereda y sus alrededores.'
85,28,1,'La cocinera salió a la acera y regresó con los detalles. A partir de esa noche se establecía el toque de queda. Nadie podía salir a la acera después de las ocho, y hasta las cinco de la mañana, sin un salvoconducto firmado por el alcalde. La policía tenía orden de dar tres veces la voz de alto a toda persona que encontrara en la acera y si no era obedecida tenía orden de disparar. El alcalde organizaría rondas de civiles para colaborar con la policía en la vigilancia nocturna de esa vereda y sus alrededores.'
86,28,2,'La cocinera salió a la plaza y regresó con los detalles. A partir de esa noche se establecía el toque de queda. Nadie podía salir de la casa después de las ocho, y hasta las cinco de la mañana, sin un salvoconducto firmado por el alcalde. La policía tenía orden de dar tres veces la voz de alto a toda persona que encontrara en la calle y si no era obedecida tenía orden de disparar. El alcalde organizaría rondas de civiles para colaborar con la policía en la vigilancia nocturna de esa vereda y sus alrededores.'
87,29,0,'Hemos fracasado un par de veces en la búsqueda de un atajo para representar las costas sin preocuparnos por el relieve. Ya es hora de darse cuenta de que esta esperanza no era razonable, y de atacar el problema de las costas junto con el de todo el relieve en su conjunto. Dentro de poco construiremos un modelo que genera costas estadísticamente idénticas a las representadas anteriormente. Como sabemos de sobra las dificultades que plantean los bucles, abordaremos el problema de las costas a través de unas curvas características.'
88,29,1,'Hemos fracasado un par de veces en la búsqueda de un atajo para representar las orillas sin preocuparnos por el relieve. Ya es hora de darse cuenta de que esta esperanza no era razonable, y de atacar el problema de las orillas junto con el de todo el relieve en su conjunto. Dentro de poco construiremos un modelo que genera orillas estadísticamente idénticas a las representadas anteriormente. Como sabemos de sobra las dificultades que plantean los bucles, abordaremos el problema de las costas a través de unas curvas características.'
89,29,2,'Hemos fracasado un par de veces en la búsqueda de un atajo para representar las montañas sin preocuparnos por el relieve. Ya es hora de darse cuenta de que esta esperanza no era razonable, y de atacar el problema de las colinas junto con el de todo el relieve en su conjunto. Dentro de poco construiremos un modelo que genera montañas estadísticamente idénticas a las representadas anteriormente. Como sabemos de sobra las dificultades que plantean los bucles, abordaremos el problema de las costas a través de unas curvas características.'
90,30,0,'Invité a mis compañeros a jugar a los vaqueros. Rufo se había puesto el traje de policía que le habían regalado, con las esposas, el revólver y el silbato. Juan llevaba un viejo sombrero de paja de su hermano y un cinturón con cartuchos de madera y una funda en la que traía un revólver genial. Andrés iba de indio, tenía un hacha de madera y plumas en la cabeza. Guille estaba vestido completamente de vaquero, con chaleco de cuero, un revólver negro, un gran sombrero y espuelas. Mi revólver era de madera pintada.'
91,30,1,'Invité a mis compañeros a jugar a los vaqueros. Rufo se había puesto el traje de policía que le habían regalado, con las esposas, la pistola y el silbato. Juan llevaba un viejo sombrero de paja de su hermano y un cinturón con cartuchos de madera y una funda en la que traía una pistola genial. Andrés iba de indio, tenía un hacha de madera y plumas en la cabeza. Guille estaba vestido completamente de vaquero, con chaleco de cuero, una pistola negra, un gran sombrero y espuelas. Mi revólver era de madera pintada.'
92,30,2,'Invité a mis compañeros a jugar a los vaqueros. Rufo se había puesto el traje de policía que le habían regalado, con las esposas, el gorro y el silbato. Juan llevaba un viejo sombrero de paja de su hermano y un cinturón con cartuchos de madera y una funda en la que traía un látigo genial. Andrés iba de indio, tenía un hacha de madera y plumas en la cabeza. Guille estaba vestido completamente de vaquero, con chaleco de cuero, un látigo negro, un gran sombrero y espuelas. Mi revólver era de madera pintada.'
93,31,0,'Papá hacía esfuerzos graciosísimos para soltarse del poste y el señor Blédurt se puso a bailar alrededor del poste lanzando gritos. Nos habría gustado quedarnos para verlos divertirse, pero no pudimos porque mamá nos llamó a merendar. Yo no sabía que a papá le gustase tanto jugar en el poste del jardín. Cuando bajamos por la noche, el señor Blédurt se había marchado hacía un buen rato, pero papá seguía atado al poste, gritando y haciendo muecas.'
94,31,1,'Papá hacía esfuerzos graciosísimos para soltarse del mástil y el señor Blédurt se puso a bailar alrededor del mástil lanzando gritos. Nos habría gustado quedarnos para verlos divertirse, pero no pudimos porque mamá nos llamó a merendar. Yo no sabía que a papá le gustase tanto jugar en el mástil del jardín. Cuando bajamos por la noche, el señor Blédurt se había marchado hacía un buen rato, pero papá seguía atado al poste, gritando y haciendo muecas.'
95,31,2,'Papá hacía esfuerzos graciosísimos para soltarse del enrejado y el señor Blédurt se puso a bailar alrededor del lugar lanzando gritos. Nos habría gustado quedarnos para verlos divertirse, pero no pudimos porque mamá nos llamó a merendar. Yo no sabía que a papá le gustase tanto jugar en el fondo del jardín. Cuando bajamos por la noche, el señor Blédurt se había marchado hacía un buen rato, pero papá seguía atado al poste, gritando y haciendo muecas.'
96,32,0,'A los dos meses el número estaba completo: dos cucarachas parecían estar descansando sobre una pila de libros. De pronto, una de ellas ve que sobre las vías del ferrocarril hay alguien caído. También observan que se acerca el ferrocarril a toda velocidad y que la tercera cucaracha morirá aplastada. Cuando el ferrocarril pasa por debajo de la pila de libros, ambas se arrojan sobre el techo de los vagones. Con el ferrocarril marchando a gran velocidad se las arreglan para avanzar caminando sobre el techo.'
97,32,1,'A los dos meses el número estaba completo: dos cucarachas parecían estar descansando sobre una pila de libros. De pronto, una de ellas ve que sobre las vías de la locomotora hay alguien caído. También observan que se acerca la locomotora a toda velocidad y que la tercera cucaracha morirá aplastada. Cuando la locomotora pasa por debajo de la pila de libros, ambas se arrojan sobre el techo de los vagones. Con el ferrocarril marchando a gran velocidad se las arreglan para avanzar caminando sobre el techo.'
98,32,2,'A los dos meses el número estaba completo: dos cucarachas parecían estar descansando sobre una pila de libros. De pronto, una de ellas ve que sobre las vías hay alguien caído. También observan que se acerca el villano a toda velocidad y que la tercera cucaracha morirá aplastada. Cuando el villano pasa por debajo de la pila de libros, ambas se arrojan sobre el techo de los vagones. Con el ferrocarril marchando a gran velocidad se las arreglan para avanzar caminando sobre el techo.'
99,33,0,'Una mañana de abril el departamento de la familia Scoch fue visitado por una nube blanca. Era como un copo de algodón, y venía flotando bajo. La ventana del dormitorio de Cinthia estaba abierta y por ahí se fue colando la nube como si fuera un extraño animal suspendido en el aire. Ocupada en hacer sus deberes, la niña tardó en notar que la habitación se oscurecía. Recién vio la nube cuando esta ya abandonaba la habitación y avanzaba hacia el pasillo. Cinthia llegó al balcón, donde la nube se estacionó.'
100,33,1,'Una mañana de abril el departamento de la familia Scoch fue visitado por un nubarrón blanco. Era como un copo de algodón, y venía flotando bajo. La ventana del dormitorio de Cinthia estaba abierta y por ahí se fue colando el nubarrón como si fuera un extraño animal suspendido en el aire. Ocupada en hacer sus deberes, la niña tardó en notar que la habitación se oscurecía. Recién vio el nubarrón cuando este ya abandonaba la habitación y avanzaba hacia el pasillo. Cinthia llegó al balcón, donde la nube se estacionó.'
101,33,2,'Una mañana de abril el departamento de la familia Scoch fue visitado por un globo blanco. Era como un copo de algodón, y venía flotando bajo. La ventana del dormitorio de Cinthia estaba abierta y por ahí se fue colando el globo como si fuera un extraño animal suspendido en el aire. Ocupada en hacer sus deberes, la niña tardó en notar que la habitación se oscurecía. Recién vio el globo cuando este ya abandonaba la habitación y avanzaba hacia el pasillo. Cinthia llegó al balcón, donde una nube se estacionó.'
102,34,0,'El nombre significa "capilla de la resurrección", y fue construida sobre el lugar donde el zar Alejandro de Rusia fue asesinado en un atentado en 1881. Durante la Segunda Guerra Mundial una bomba cayó sobre la cúpula más alta de esta capilla antigua. La bomba no explotó y permaneció dentro de la capilla durante 19 años. Sólo cuando los obreros subieron para remendar las goteras, la bomba fue encontrada y retirada. Finalmente decidieron la restauración de la capilla de este pueblo.'
103,34,1,'El nombre significa "catedral de la resurrección", y fue construida sobre el lugar donde el zar Alejandro de Rusia fue asesinado en un atentado en 1881. Durante la Segunda Guerra Mundial una bomba cayó sobre la cúpula más alta de esta catedral antigua. La bomba no explotó y permaneció dentro de la catedral durante 19 años. Sólo cuando los obreros subieron para remendar las goteras, la bomba fue encontrada y retirada. Finalmente decidieron la restauración de la capilla de este pueblo.'
104,34,2,'El nombre significa "sitio de la resurrección", y fue construida sobre el lugar donde el zar Alejandro de Rusia fue asesinado en un atentado en 1881. Durante la Segunda Guerra Mundial una bomba cayó sobre la cúpula más alta de esta biblioteca antigua. La bomba no explotó y permaneció dentro del tejado durante 19 años. Sólo cuando los obreros subieron para remendar las goteras, la bomba fue encontrada y retirada. Finalmente decidieron la restauración de la capilla de este pueblo.'
105,35,0,'El señor dijo a Moisés: "Ve adonde está el pueblo y ordénales que se purifiquen, porque el Señor descenderá sobre el monte del Sinaí, a la vista de todo el pueblo. Diles que se cuiden de ir al monte y hasta de tocar sus bordes, porque todo el que toque el monte será castigado con la muerte. Pero nadie pondrá su mano sobre el culpable, sino que deberá ser apedreado o muerto a flechazos." Moisés bajó del monte y ordenó al pueblo que se sometiera a las purificaciones rituales.'
106,35,1,'El señor dijo a Moisés: "Ve adonde está el pueblo y ordénales que se purifiquen, porque el Señor descenderá sobre la montaña del Sinaí, a la vista de todo el pueblo. Diles que se cuiden de ir a la montaña y hasta de tocar sus bordes, porque todo el que toque la montaña será castigado con la muerte. Pero nadie pondrá su mano sobre el culpable, sino que deberá ser apedreado o muerto a flechazos." Moisés bajó del monte y ordenó al pueblo que se sometiera a las purificaciones rituales.'
107,35,2,'El señor dijo a Moisés: "Ve adonde está el pueblo y ordénales que se purifiquen, porque el Señor descenderá sobre la cima del Sinaí, a la vista de todo el pueblo. Diles que se cuiden de ir al desierto y hasta de tocar sus bordes, porque todo el que toque el lugar será castigado con la muerte. Pero nadie pondrá su mano sobre el culpable, sino que deberá ser apedreado o muerto a flechazos." Moisés bajó del monte y ordenó al pueblo que se sometiera a las purificaciones rituales.'
108,36,0,'Según la antigua ley del pueblo de los hititas, si un buey embiste a un hombre o a una mujer y estos mueren, el buey deberá ser matado a pedradas y no se comerá su carne. En cambio, el dueño del buey estará libre de culpa. Pero si el animal solía embestir, y su dueño, aunque advertido oportunamente, no lo vigiló, en el caso de que ese buey mate a un hombre o a una mujer, será muerto a pedradas, y su dueño también será castigado con la muerte.'
109,36,1,'Según la antigua ley del pueblo de los hititas, si un toro embiste a un hombre o a una mujer y estos mueren, el toro deberá ser matado a pedradas y no se comerá su carne. En cambio, el dueño del toro estará libre de culpa. Pero si el animal solía embestir, y su dueño, aunque advertido oportunamente, no lo vigiló, en el caso de que ese buey mate a un hombre o a una mujer, será muerto a pedradas, y su dueño también será castigado con la muerte.'
110,36,2,'Según la antigua ley del pueblo de los hititas, si un animal embiste a un hombre o a una mujer y estos mueren, la bestia deberá ser matada a pedradas y no se comerá su carne. En cambio, el dueño del animal estará libre de culpa. Pero si el animal solía embestir, y su dueño, aunque advertido oportunamente, no lo vigiló, en el caso de que ese buey mate a un hombre o a una mujer, será muerto a pedradas, y su dueño también será castigado con la muerte.'
111,37,0,'Había una vez veinte soldaditos de plomo que fueron dados a un niño por su cumpleaños. Cada soldadito era idéntico a los otros, con excepción de uno. Tenía una sola pierna, pues al fabricarlos, había sido el último y el plomo no alcanzó para terminarlo. Así y todo, él estaba tan firme sobre su única pierna como los otros sobre las dos. Una tarde, el soldado de plomo cayó sin querer al fuego del hogar. A la mañana siguiente la sirvienta encontró un pequeño corazón de plomo entre las cenizas.'
112,37,1,'Había una vez veinte soldaditos de metal que fueron dados a un niño por su cumpleaños. Cada soldadito era idéntico a los otros, con excepción de uno. Tenía una sola pierna, pues al fabricarlos, había sido el último y el metal no alcanzó para terminarlo. Así y todo, él estaba tan firme sobre su única pierna como los otros sobre las dos. Una tarde, el soldado de metal cayó sin querer al fuego del hogar. A la mañana siguiente la sirvienta encontró un pequeño corazón de plomo entre las cenizas.'
113,37,2,'Había una vez veinte soldaditos de juguete que fueron dados a un niño por su cumpleaños. Cada soldadito era idéntico a los otros, con excepción de uno. Tenía una sola pierna, pues al fabricarlos, había sido el último y el material no alcanzó para terminarlo. Así y todo, él estaba tan firme sobre su única pierna como los otros sobre las dos. Una tarde, el soldado de juguete cayó sin querer al fuego del hogar. A la mañana siguiente la sirvienta encontró un pequeño corazón de plomo entre las cenizas.'
114,38,0,'No hace mucho tiempo, existía un humilde sastre que se ganaba la vida trabajando con sus hilos y su costura sentado en la mesa junto a la ventana. Un día pasó una vendedora de mermelada, y el sastre la llamó a través de la ventana para que se acercara. Se acercó la campesina con los frascos a cuestas y el sastre le hizo abrir todos y cada uno de ellos. Luego de inspeccionarlos decidió comprar cuatro onzas. Cuando la mujer se hubo marchado, el sastre exclamó: "Que Dios me bendiga esta mermelada y me dé salud".'
115,38,1,'No hace mucho tiempo, existía un humilde costurero que se ganaba la vida trabajando con sus hilos y su costura sentado en la mesa junto a la ventana. Un día pasó una vendedora de mermelada, y el costurero la llamó a través de la ventana para que se acercara. Se acercó la campesina con los frascos a cuestas y el costurero le hizo abrir todos y cada uno de ellos. Luego de inspeccionarlos decidió comprar cuatro onzas. Cuando la mujer se hubo marchado, el sastre exclamó: "Que Dios me bendiga esta mermelada y me dé salud".'
116,38,2,'No hace mucho tiempo, existía un humilde hombre que se ganaba la vida trabajando con sus hilos y su costura sentado en la mesa junto a la ventana. Un día pasó una vendedora de mermelada, y el señor la llamó a través de la ventana para que se acercara. Se acercó la campesina con los frascos a cuestas y el hombre le hizo abrir todos y cada uno de ellos. Luego de inspeccionarlos decidió comprar cuatro onzas. Cuando la mujer se hubo marchado, el sastre exclamó: "Que Dios me bendiga esta mermelada y me dé salud".'
117,39,0,'La reina entró a su cuarto, quitó toda la ropa de cama y puso un frijol sobre el bastidor. Luego colocó veinte colchones sobre el frijol, y encima de ellos, veinte almohadones. Allí tendría que dormir la princesa. A la mañana siguiente le preguntaron cómo había dormido. "Terriblemente mal" respondió. Oyendo esto, comprendieron que se trataba de una verdadera princesa, ya que había sentido el frijol a través de los veinte colchones y los veinte almohadones. El príncipe se casó con ella, y plantaron un frijol en el jardín.'
118,39,1,'La reina entró a su cuarto, quitó toda la ropa de cama y puso un poroto sobre el bastidor. Luego colocó veinte colchones sobre el poroto, y encima de ellos, veinte almohadones. Allí tendría que dormir la princesa. A la mañana siguiente le preguntaron cómo había dormido. "Terriblemente mal" respondió. Oyendo esto, comprendieron que se trataba de una verdadera princesa, ya que había sentido el poroto a través de los veinte colchones y los veinte almohadones. El príncipe se casó con ella, y plantaron un frijol en el jardín.'
119,39,2,'La reina entró a su cuarto, quitó toda la ropa de cama y puso una trampa sobre el bastidor. Luego colocó veinte colchones sobre la cama, y encima de ellos, veinte almohadones. Allí tendría que dormir la princesa. A la mañana siguiente le preguntaron cómo había dormido. "Terriblemente mal" respondió. Oyendo esto, comprendieron que se trataba de una verdadera princesa, ya que había sentido el estorbo a través de los veinte colchones y los veinte almohadones. El príncipe se casó con ella, y plantaron un frijol en el jardín.'
120,40,0,'En vano inició ataque, pues se dispersaban del fuerte en el momento más crítico. Después de destruidas las trincheras del fuerte, se le confió el mando al Coronel, dándosele orden de que observara el movimiento de los enemigos. Mina, por su parte, partió hacia Querétaro pero prefirió desviarse y tomar Matamoros. Viendo reforzado este fuerte por tropas desde Guanajuato, cambió de rumbo y se dirigió al Valle Huasteco. Las tropas del General contabilizaron 34 muertos en la defensa del fuerte mayor.'
121,40,1,'En vano inició ataque, pues se dispersaban del fortín en el momento más crítico. Después de destruidas las trincheras del fortín, se le confió el mando al Coronel, dándosele orden de que observara el movimiento de los enemigos. Mina, por su parte, partió hacia Querétaro pero prefirió desviarse y tomar Matamoros. Viendo reforzado este fortín por tropas desde Guanajuato, cambió de rumbo y se dirigió al Valle Huasteco. Las tropas del General contabilizaron 34 muertos en la defensa del fuerte mayor.'
122,40,2,'En vano inició ataque, pues se dispersaban del lugar en el momento más crítico. Después de destruidas las trincheras del ejército, se le confió el mando al Coronel, dándosele orden de que observara el movimiento de los enemigos. Mina, por su parte, partió hacia Querétaro pero prefirió desviarse y tomar Matamoros. Viendo reforzada esta región por tropas desde Guanajuato, cambió de rumbo y se dirigió al Valle Huasteco. Las tropas del General contabilizaron 34 muertos en la defensa del fuerte mayor.'
123,41,0,'Cuando Martín perdió sus bolitas preferidas en un hoyo que había en el borde de la vereda, su disgusto fue tan grande que su llanto se escuchó en toda la cuadra. No fueron suficientes las promesas de sus padres de traerle una bolsa llena de bolitas nuevas y relucientes. Ya no sería lo mismo para él, aquellas bolitas eran especiales. Los años pasaron, Martín creció, estudió, y se convirtió en profesional. Ya de grande, al salir del trabajo, dedicaba sus tardes a recuperar juguetes y bolitas perdidos en pequeños hoyos.'
124,41,1,'Cuando Martín perdió sus canicas preferidas en un hoyo que había en el borde de la vereda, su disgusto fue tan grande que su llanto se escuchó en toda la cuadra. No fueron suficientes las promesas de sus padres de traerle una bolsa llena de canicas nuevas y relucientes. Ya no sería lo mismo para él, aquellas canicas eran especiales. Los años pasaron, Martín creció, estudió, y se convirtió en profesional. Ya de grande, al salir del trabajo, dedicaba sus tardes a recuperar juguetes y bolitas perdidos en pequeños hoyos.'
125,41,2,'Cuando Martín perdió sus soldaditos preferidos en un hoyo que había en el borde de la vereda, su disgusto fue tan grande que su llanto se escuchó en toda la cuadra. No fueron suficientes las promesas de sus padres de traerle una bolsa llena de juguetes nuevos y relucientes. Ya no sería lo mismo para él, aquellos eran especiales. Los años pasaron, Martín creció, estudió, y se convirtió en profesional. Ya de grande, al salir del trabajo, dedicaba sus tardes a recuperar juguetes y bolitas perdidos en pequeños hoyos.'
126,42,0,'Aquella tarde se había puesto un abrigo de piel que había heredado de su madre. No era su estilo de abrigo, pero hacía frío y no encontró otra cosa para ponerse. Salió de su casa y caminó algunas cuadras, cuando de pronto se encontró con una mujer que llevaba un abrigo y unos zapatos idénticos a los suyos. No sólo eso, tenía los mismos anteojos, el mismo peinado, la misma cartera. De repente observó su rostro con detalle: era ella misma, con cuarenta años de más. Sintió miedo, se quitó el abrigo inmediatamente y corrió.'
127,42,1,'Aquella tarde se había puesto un tapado de piel que había heredado de su madre. No era su estilo de tapado, pero hacía frío y no encontró otra cosa para ponerse. Salió de su casa y caminó algunas cuadras, cuando de pronto se encontró con una mujer que llevaba un tapado y unos zapatos idénticos a los suyos. No sólo eso, tenía los mismos anteojos, el mismo peinado, la misma cartera. De repente observó su rostro con detalle: era ella misma, con cuarenta años de más. Sintió miedo, se quitó el abrigo inmediatamente y corrió.'
128,42,2,'Aquella tarde se había puesto una bufanda de piel que había heredado de su madre. No era su estilo de bufanda, pero hacía frío y no encontró otra cosa para ponerse. Salió de su casa y caminó algunas cuadras, cuando de pronto se encontró con una mujer que llevaba un saco y unos zapatos idénticos a los suyos. No sólo eso, tenía los mismos anteojos, el mismo peinado, la misma cartera. De repente observó su rostro con detalle: era ella misma, con cuarenta años de más. Sintió miedo, se quitó el abrigo inmediatamente y corrió.'
129,43,0,'Juan se sentó en su escritorio habitual junto a la ventana del aula. La maestra no notó que él había entrado con su hamster y lo había escondido en su escritorio sin pedirle permiso. A la hora del recreo, Juan se alejó de su escritorio olvidando por completo a su mascota. Cuando regresó diez minutos más tarde, el hamster ya no estaba. Lo buscó por todas partes, no aparecía. La maestra estaba por regresar al aula y Juan comenzaba a preocuparse. De pronto lo vio: estaba debajo del escritorio comiéndose su tarea.'
130,43,1,'Juan se sentó en su pupitre habitual junto a la ventana del aula. La maestra no notó que él había entrado con su hamster y lo había escondido en su pupitre sin pedirle permiso. A la hora del recreo, Juan se alejó de su pupitre olvidando por completo a su mascota. Cuando regresó diez minutos más tarde, el hamster ya no estaba. Lo buscó por todas partes, no aparecía. La maestra estaba por regresar al aula y Juan comenzaba a preocuparse. De pronto lo vio: estaba debajo del escritorio comiéndose su tarea.'
131,43,2,'Juan se sentó en su lugar habitual junto a la ventana del aula. La maestra no notó que él había entrado con su hamster y lo había escondido en su mochila sin pedirle permiso. A la hora del recreo, Juan se alejó del aula olvidando por completo a su mascota. Cuando regresó diez minutos más tarde, el hamster ya no estaba. Lo buscó por todas partes, no aparecía. La maestra estaba por regresar al aula y Juan comenzaba a preocuparse. De pronto lo vio: estaba debajo del escritorio comiéndose su tarea.'
132,44,0,'Era la pereza su peor defecto. De joven había sido activo y trabajador, lleno de sueños y entusiasmo. Los años lo habían cansado y llenado de pereza hasta por las tareas más sencillas. Así como no le daban ganas de afeitarse, también le daba pereza desayunar o buscar trabajo. Su vida fue empeorando poco a poco. Perdió a su mujer, a sus hijos y a su perro. Dejó de ver a sus amigos, perdió el departamento. No se entregó a la bebida solamente porque le daba pereza ir a comprar una botella de vino.'
133,44,1,'Era la vagancia su peor defecto. De joven había sido activo y trabajador, lleno de sueños y entusiasmo. Los años lo habían cansado y llenado de vagancia hasta por las tareas más sencillas. Así como no le daban ganas de afeitarse, también le daba vagancia desayunar o buscar trabajo. Su vida fue empeorando poco a poco. Perdió a su mujer, a sus hijos y a su perro. Dejó de ver a sus amigos, perdió el departamento. No se entregó a la bebida solamente porque le daba pereza ir a comprar una botella de vino.'
134,44,2,'Era la dejadez su peor defecto. De joven había sido activo y trabajador, lleno de sueños y entusiasmo. Los años lo habían cansado y llenado de odio hasta por las tareas más sencillas. Así como no le daban ganas de afeitarse, también le molestaba desayunar o buscar trabajo. Su vida fue empeorando poco a poco. Perdió a su mujer, a sus hijos y a su perro. Dejó de ver a sus amigos, perdió el departamento. No se entregó a la bebida solamente porque le daba pereza ir a comprar una botella de vino.'
135,45,0,'La conocida danza tradicional de este pueblo era alegre y todos la disfrutaban. No era una danza típica del país, sino más bien una creación local de movimientos representativos de las tareas que realizaban. La esencia principal de la danza era reflejar las etapas de la cosecha, ya que era ésta una época esperada por los habitantes. Los bailarines representaban a los trabajadores en una jornada típica. Los pasos simples y repetitivos de esta danza la hicieron popular y fueron transmitidos de generación en generación.'
136,45,1,'El conocido baile tradicional de este pueblo era alegre y todos lo disfrutaban. No era un baile típico del país, sino más bien una creación local de movimientos representativos de las tareas que realizaban. La esencia principal del baile era reflejar las etapas de la cosecha, ya que era ésta una época esperada por los habitantes. Los bailarines representaban a los trabajadores en una jornada típica. Los pasos simples y repetitivos de esta danza la hicieron popular y fueron transmitidos de generación en generación.'
137,45,2,'La conocida fiesta tradicional de este pueblo era alegre y todos la disfrutaban. No era una fiesta típica del país, sino más bien una creación local de movimientos representativos de las tareas que realizaban. La esencia principal de la festividad era reflejar las etapas de la cosecha, ya que era ésta una época esperada por los habitantes. Los bailarines representaban a los trabajadores en una jornada típica. Los pasos simples y repetitivos de esta danza la hicieron popular y fueron transmitidos de generación en generación.'
138,46,0,'Para preparar esta torta de chocolate es necesario precalentar el horno a 180 grados. Se deben batir los huevos y la manteca con el azúcar, luego incorporar la harina y el chocolate rallado de a una cucharada por vez. Una vez incorporado todo el chocolate a la mezcla, volcarlo sobre el molde con harina y llevar al horno por cuarenta minutos. Luego de la cocción, dejar enfriar por un par de horas y bañar con una cobertura de chocolate fundido.'
139,46,1,'Para preparar esta torta de cacao es necesario precalentar el horno a 180 grados. Se deben batir los huevos y la manteca con el azúcar, luego incorporar la harina y el cacao rallado de a una cucharada por vez. Una vez incorporado todo el cacao a la mezcla, volcarlo sobre el molde con harina y llevar al horno por cuarenta minutos. Luego de la cocción, dejar enfriar por un par de horas y bañar con una cobertura de chocolate fundido.'
140,46,2,'Para preparar esta torta de limón es necesario precalentar el horno a 180 grados. Se deben batir los huevos y la manteca con el azúcar, luego incorporar la harina y el limón rallado de a una cucharada por vez. Una vez incorporado todo el limón a la mezcla, volcarlo sobre el molde con harina y llevar al horno por cuarenta minutos. Luego de la cocción, dejar enfriar por un par de horas y bañar con una cobertura de chocolate fundido.'
141,47,0,'El consumo de estas pastillas preocupa a los especialistas en salud. El uso indiscriminado de este tipo de pastillas puede causar efectos adversos, muchos de los cuales no son notorios hasta avanzado el cuadro. Las autoridades de la región realizan campañas de concientización respecto de este tema. Actualmente 1 de cada 30 personas consume las peligrosas pastillas en esta localidad española. Este cuadro no sorprende dado el creciente número de personas que optan por automedicarse o tomar pastillas sin receta.'
142,47,1,'El consumo de estas píldoras preocupa a los especialistas en salud. El uso indiscriminado de este tipo de píldoras puede causar efectos adversos, muchos de los cuales no son notorios hasta avanzado el cuadro. Las autoridades de la región realizan campañas de concientización respecto de este tema. Actualmente 1 de cada 30 personas consume las peligrosas píldoras en esta localidad española. Este cuadro no sorprende dado el creciente número de personas que optan por automedicarse o tomar pastillas sin receta.'
143,47,2,'El consumo de estas bebidas preocupa a los especialistas en salud. El uso indiscriminado de este tipo de sustancias puede causar efectos adversos, muchos de los cuales no son notorios hasta avanzado el cuadro. Las autoridades de la región realizan campañas de concientización respecto de este tema. Actualmente 1 de cada 30 personas consume las peligrosas mezclas en esta localidad española. Este cuadro no sorprende dado el creciente número de personas que optan por automedicarse o tomar pastillas sin receta.'
144,48,0,'Muchos investigadores y científicos de la época, algunos de ellos Premios Nobel, realizaron investigaciones sobre las facultades de los mediums, como Arthur Conan Doyle y Michael Faraday. No obstante, la percepción de los mediums ha sido aún más desacreditada por investigadores de diferentes especialidades como Harry Houdini o Carl Sagan. El papel de los mediums es bastante recurrente en la cinematografía y la televisión. Hay series basadas en magia y mediums, como Ghost Whisperer o El truco final.'
145,48,1,'Muchos investigadores y científicos de la época, algunos de ellos Premios Nobel, realizaron investigaciones sobre las facultades de los espiritistas, como Arthur Conan Doyle y Michael Faraday. No obstante, la percepción de los espiritistas ha sido aún más desacreditada por investigadores de diferentes especialidades como Harry Houdini o Carl Sagan. El papel de los espiritistas es bastante recurrente en la cinematografía y la televisión. Hay series basadas en magia y mediums, como Ghost Whisperer o El truco final.'
146,48,2,'Muchos investigadores y científicos de la época, algunos de ellos Premios Nobel, realizaron investigaciones sobre las facultades de los magos, como Arthur Conan Doyle y Michael Faraday. No obstante, la percepción de estos ha sido aún más desacreditada por investigadores de diferentes especialidades como Harry Houdini o Carl Sagan. El papel de lo sobrenatural es bastante recurrente en la cinematografía y la televisión. Hay series basadas en magia y mediums, como Ghost Whisperer o El truco final.'
147,49,0,'Ariel había comprado una hermosa valija para partir en su viaje al sur. Aquella era una valija resistente, y esperaba usarla algún día en otro continente. Dos horas antes de salir, escogió con cuidado los objetos que creyó necesarios: un tapado y un sombrero, su libro favorito, el mate y un par de anteojos. Colocó todo sobre la valija mientras terminaba de acomodar el desorden que había dejado la noche anterior mientras buscaba su corbata. Entonces escuchó un ruido y notó que su valija se movía. Creyó que era su gato.'
148,49,1,'Ariel había comprado una hermosa maleta para partir en su viaje al sur. Aquella era una maleta resistente, y esperaba usarla algún día en otro continente. Dos horas antes de salir, escogió con cuidado los objetos que creyó necesarios: un tapado y un sombrero, su libro favorito, el mate y un par de anteojos. Colocó todo sobre la maleta mientras terminaba de acomodar el desorden que había dejado la noche anterior mientras buscaba su corbata. Entonces escuchó un ruido y notó que su valija se movía. Creyó que era su gato.'
149,49,2,'Ariel había comprado una hermosa cámara para partir en su viaje al sur. Aquella era una máquina resistente, y esperaba usarla algún día en otro continente. Dos horas antes de salir, escogió con cuidado los objetos que creyó necesarios: un tapado y un sombrero, su libro favorito, el mate y un par de anteojos. Colocó todo sobre la cama mientras terminaba de acomodar el desorden que había dejado la noche anterior mientras buscaba su corbata. Entonces escuchó un ruido y notó que su valija se movía. Creyó que era su gato.'
150,50,0,'Había sillas de pana roja y verde en la sala. Pero lo que a Kezia le gustó más que nada fue la lámpara del comedor. Estaba ubicada en el centro de la mesa, una exquisita lámpara pequeña color ámbar con un globo blanco. Era tremendamente hermosa, pero enseguida Kezia pensó que Isabel no le daría ni la mitad de la importancia que la lámpara merecía. Luego le dieron muchas ganas de ver la sala iluminada. Kezia se trepó a una silla e intentó encender la lámpara del comedor antes de que Isabel regresara.'
151,50,1,'Había sillas de pana roja y verde en la sala. Pero lo que a Kezia le gustó más que nada fue el farol del comedor. Estaba ubicado en el centro de la mesa, un exquisito farol pequeño color ámbar con un globo blanco. Era tremendamente hermoso, pero enseguida Kezia pensó que Isabel no le daría ni la mitad de la importancia que el farol merecía. Luego le dieron muchas ganas de ver la sala iluminada. Kezia se trepó a una silla e intentó encender la lámpara del comedor antes de que Isabel regresara.'
152,50,2,'Había sillas de pana roja y verde en la sala. Pero lo que a Kezia le gustó más que nada fue el florero del comedor. Estaba ubicado en el centro de la mesa, un exquisito florero pequeño color ámbar con un globo blanco. Era tremendamente hermoso, pero enseguida Kezia pensó que Isabel no le daría ni la mitad de la importancia que se merecía. Luego le dieron muchas ganas de ver la sala iluminada. Kezia se trepó a una silla e intentó encender la lámpara del comedor antes de que Isabel regresara.'
153,51,0,'John era un atleta exitoso. Alto y lleno de vitalidad, mereció muchos trofeos a lo largo de su carrera. Ningún otro atleta alcanzaba tantas metas. Varias veces le habían preguntado por su origen, cómo había llegado a ser un atleta tan bueno. Él siempre respondía con una sonrisa. Un día, durante una entrevista para un pequeño diario local, habiéndole hecho esta misma pregunta, John respondió: "Sólo es atleta quien no puede evitar serlo". Hoy se dedica a entrenar a un gran equipo de básquet.'
154,51,1,'John era un deportista exitoso. Alto y lleno de vitalidad, mereció muchos trofeos a lo largo de su carrera. Ningún otro deportista alcanzaba tantas metas. Varias veces le habían preguntado por su origen, cómo había llegado a ser un deportista tan bueno. Él siempre respondía con una sonrisa. Un día, durante una entrevista para un pequeño diario local, habiéndole hecho esta misma pregunta, John respondió: "Sólo es atleta quien no puede evitar serlo". Hoy se dedica a entrenar a un gran equipo de básquet.'
155,51,2,'John era un entrenador exitoso. Alto y lleno de vitalidad, mereció muchos trofeos a lo largo de su carrera. Ningún otro entrenador alcanzaba tantas metas. Varias veces le habían preguntado por su origen, cómo había llegado a ser un entrenador tan bueno. Él siempre respondía con una sonrisa. Un día, durante una entrevista para un pequeño diario local, habiéndole hecho esta misma pregunta, John respondió: "Sólo es atleta quien no puede evitar serlo". Hoy se dedica a entrenar a un gran equipo de básquet.'
156,52,0,'La gran corporación BEIC fue fundada por un grupo de influyentes hombres de negocios, y obtuvo el permiso para ejercer el comercio con las Indias orientales durante 15 años. La "carta real" dio a la nueva corporación el monopolio artificial de todo el comercio en las Indias Orientales. Los negocios de la corporación se centraban en el algodón, la seda y el té. Pronto se transformó, pasando de una simple unión comercial, hasta convertirse en la corporación que gobernó de forma virtual la India hasta su disolución en 1858.'
157,52,1,'La gran firma BEIC fue fundada por un grupo de influyentes hombres de negocios, y obtuvo el permiso para ejercer el comercio con las Indias orientales durante 15 años. La "carta real" dio a la nueva firma el monopolio artificial de todo el comercio en las Indias Orientales. Los negocios de la firma se centraban en el algodón, la seda y el té. Pronto se transformó, pasando de una simple unión comercial, hasta convertirse en la corporación que gobernó de forma virtual la India hasta su disolución en 1858.'
158,52,2,'La gran sociedad BEIC fue fundada por un grupo de influyentes hombres de negocios, y obtuvo el permiso para ejercer el comercio con las Indias orientales durante 15 años. La "carta real" dio a la nueva formación el monopolio artificial de todo el comercio en las Indias Orientales. Los negocios de la BEIC se centraban en el algodón, la seda y el té. Pronto se transformó, pasando de una simple unión comercial, hasta convertirse en la corporación que gobernó de forma virtual la India hasta su disolución en 1858.'
159,53,0,'La ONU estima en poco más de 300 millones la cantidad de indígenas que habitan en el mundo. Otros criterios dan unos 350 millones de indígenas en todo el planeta. La situación de estos grupos no es favorable. En muchas ocasiones, los pueblos indígenas se han visto obligados a asimilar una vida occidental, aunque sigan manteniendo ciertas tradiciones o el idioma. Numerosos movimientos y organizaciones de indígenas y gitanos se han movilizado para alcanzar el reconocimiento de sus culturas.'
160,53,1,'La ONU estima en poco más de 300 millones la cantidad de aborígenes que habitan en el mundo. Otros criterios dan unos 350 millones de aborígenes en todo el planeta. La situación de estos grupos no es favorable. En muchas ocasiones, los pueblos aborígenes se han visto obligados a asimilar una vida occidental, aunque sigan manteniendo ciertas tradiciones o el idioma. Numerosos movimientos y organizaciones de indígenas y gitanos se han movilizado para alcanzar el reconocimiento de sus culturas.'
161,53,2,'La ONU estima en poco más de 300 millones la cantidad de gitanos que habitan en el mundo. Otros criterios dan unos 350 millones de gitanos en todo el planeta. La situación de estos grupos no es favorable. En muchas ocasiones, estos pueblos se han visto obligados a asimilar una vida occidental, aunque sigan manteniendo ciertas tradiciones o el idioma. Numerosos movimientos y organizaciones de indígenas y gitanos se han movilizado para alcanzar el reconocimiento de sus culturas.'
162,54,0,'Se prometieron verse al alba antes de que despertara su padre, con la idea de huir juntos. Malena no durmió, esperó el momento indicado, pero pasó el alba y se hizo la mañana sin noticias de él. Su padre despertó y la encontró finalmente dormida en el umbral de la puerta. La cargó hasta su cama, donde durmió hasta el alba siguiente. Malena se despertó de pronto, y viendo que era el alba aún, corrió a la puerta. Encontró entonces una carta para ella: Faustino se arrepintió y regresó al campo.'
163,54,1,'Se prometieron verse al amanecer antes de que despertara su padre, con la idea de huir juntos. Malena no durmió, esperó el momento indicado, pero pasó el amanecer y se hizo la mañana sin noticias de él. Su padre despertó y la encontró finalmente dormida en el umbral de la puerta. La cargó hasta su cama, donde durmió hasta el amanecer siguiente. Malena se despertó de pronto, y viendo que era el alba aún, corrió a la puerta. Encontró entonces una carta para ella: Faustino se arrepintió y regresó al campo.'
164,54,2,'Se prometieron verse antes de que despertara su padre, con la idea de huir juntos. Malena no durmió, esperó el momento indicado, pero pasó la noche y se hizo la mañana sin noticias de él. Su padre despertó y la encontró finalmente dormida en el umbral de la puerta. La cargó hasta su cama, donde durmió hasta el día siguiente. Malena se despertó de pronto, y viendo que era el alba aún, corrió a la puerta. Encontró entonces una carta para ella: Faustino se arrepintió y regresó al campo.'
165,55,0,'Esa actitud suya que, en realidad, me resultaba muy familiar, provocaba en mí un sentimiento de congoja enorme. Es extraño, no acostumbro sentir tal congoja por algo así, pero me encontré frustrado y pensando en eso por largas horas. Me pregunto si podrá percibirlo, si verá la congoja en mi rostro y vendrá a disculparse. Pero no, lo más probable es que no note nada, pues eso es parte de la actitud que tanto me molesta. Me quedaré solo con mi congoja y ella puede continuar con su vida. Algún día me iré lejos de aquí.'
166,55,1,'Esa actitud suya que, en realidad, me resultaba muy familiar, provocaba en mí un sentimiento de aflicción enorme. Es extraño, no acostumbro sentir tal aflicción por algo así, pero me encontré frustrado y pensando en eso por largas horas. Me pregunto si podrá percibirlo, si verá la aflicción en mi rostro y vendrá a disculparse. Pero no, lo más probable es que no note nada, pues eso es parte de la actitud que tanto me molesta. Me quedaré solo con mi congoja y ella puede continuar con su vida. Algún día me iré lejos de aquí.'
167,55,2,'Esa actitud suya que, en realidad, me resultaba muy familiar, provocaba en mí un sentimiento de confusión enorme. Es extraño, no acostumbro sentir tal cosa por algo así, pero me encontré frustrado y pensando en eso por largas horas. Me pregunto si podrá percibirlo, si verá la situación en mi rostro y vendrá a disculparse. Pero no, lo más probable es que no note nada, pues eso es parte de la actitud que tanto me molesta. Me quedaré solo con mi congoja y ella puede continuar con su vida. Algún día me iré lejos de aquí.'
168,56,0,'Para finalizar, los alumnos debían imaginar y escribir una charla corta entre los dos personajes principales. La narración de la charla debía ser fluida y natural, sin muchas complicaciones, tal como lo sería una charla casual entre amigos. Podían incorporar elementos de la vida diaria, como por ejemplo la temática sobre el trabajo, la amistad, las tareas domésticas. Toda la charla entre los personajes debía ocurrir en el salón de una casa, permitiendo incorporar elementos del entorno a la conversación.'
169,56,1,'Para finalizar, los alumnos debían imaginar y escribir una plática corta entre los dos personajes principales. La narración de la plática debía ser fluida y natural, sin muchas complicaciones, tal como lo sería una plática casual entre amigos. Podían incorporar elementos de la vida diaria, como por ejemplo la temática sobre el trabajo, la amistad, las tareas domésticas. Toda la charla entre los personajes debía ocurrir en el salón de una casa, permitiendo incorporar elementos del entorno a la conversación.'
170,56,2,'Para finalizar, los alumnos debían imaginar y escribir una escena corta entre los dos personajes principales. La narración de la escena debía ser fluida y natural, sin muchas complicaciones, tal como lo sería una reunión casual entre amigos. Podían incorporar elementos de la vida diaria, como por ejemplo la temática sobre el trabajo, la amistad, las tareas domésticas. Toda la charla entre los personajes debía ocurrir en el salón de una casa, permitiendo incorporar elementos del entorno a la conversación.'
171,57,0,'Los hermosos atuendos de los actores reflejaban el gran cuidado y detalle que se había puesto en montar la obra. Algunos de los atuendos utilizados en escena fueron diseñados por el reconocido Muriel, mientras otros fueron seleccionados por el mismo director. Entre los atuendos destacados se encontraba el del actor principal, Jorge Solá, quien interpretaba al hijo del rey. El equipo conformado por sastres y diseñadores invirtió un total de 200 horas en completar los atuendos de todo el elenco.'
172,57,1,'Las hermosas vestimentas de los actores reflejaban el gran cuidado y detalle que se había puesto en montar la obra. Algunas de las vestimentas utilizadas en escena fueron diseñadas por el reconocido Muriel, mientras otras fueron seleccionadas por el mismo director. Entre las vestimentas destacadas se encontraba la del actor principal, Jorge Solá, quien interpretaba al hijo del rey. El equipo conformado por sastres y diseñadores invirtió un total de 200 horas en completar los atuendos de todo el elenco.'
173,57,2,'Los hermosos sombreros de los actores reflejaban el gran cuidado y detalle que se había puesto en montar la obra. Algunas de las escenografías utilizadas en escena fueron diseñadas por el reconocido Muriel, mientras otras fueron seleccionadas por el mismo director. Entre los papeles destacados se encontraba el del actor principal, Jorge Solá, quien interpretaba al hijo del rey. El equipo conformado por sastres y diseñadores invirtió un total de 200 horas en completar los atuendos de todo el elenco.'
174,58,0,'Alejandra había comprado una blusa blanca para su entrevista de trabajo, que sería ese mismo día. Tenía otra blusa pero estaba un poco gastada y quería causar una buena impresión. La reunión sería a la tarde. Se puso un pantalón negro y su blusa nueva, y decidió ir a almorzar antes de asistir a la entrevista. Entró en un pequeño bar que conocía y pidió una ensalada. Cuando terminó de comer, ordenó un café cortado. En el momento en que el mozo trajo el café, tropezó con una silla volcando todo sobre la blusa de Alejandra.'
175,58,1,'Alejandra había comprado una camisa blanca para su entrevista de trabajo, que sería ese mismo día. Tenía otra camisa pero estaba un poco gastada y quería causar una buena impresión. La reunión sería a la tarde. Se puso un pantalón negro y su camisa nueva, y decidió ir a almorzar antes de asistir a la entrevista. Entró en un pequeño bar que conocía y pidió una ensalada. Cuando terminó de comer, ordenó un café cortado. En el momento en que el mozo trajo el café, tropezó con una silla volcando todo sobre la blusa de Alejandra.'
176,58,2,'Alejandra había comprado una cartera blanca para su entrevista de trabajo, que sería ese mismo día. Tenía otra pero estaba un poco gastada y quería causar una buena impresión. La reunión sería a la tarde. Se puso un pantalón negro, tomó su cartera nueva, y decidió ir a almorzar antes de asistir a la entrevista. Entró en un pequeño bar que conocía y pidió una ensalada. Cuando terminó de comer, ordenó un café cortado. En el momento en que el mozo trajo el café, tropezó con una silla volcando todo sobre la blusa de Alejandra.'
177,59,0,'Las grandes deidades son seres presumiblemente sobrenaturales a los cuales normalmente se le atribuyen poderes importantes, aunque a algunas deidades no se les atribuye poder alguno. Se los considera capaces de provocar fenómenos naturales tales como rayos, inundaciones y tormentas, así como milagros. Las deidades se presentan con gran variedad de formas, pero con frecuencia tienen forma humana o animal. Tanto las deidades como los demonios son seres que representan el misterio de la vida.'
178,59,1,'Las grandes divinidades son seres presumiblemente sobrenaturales a los cuales normalmente se le atribuyen poderes importantes, aunque a algunas divinidades no se les atribuye poder alguno. Se los considera capaces de provocar fenómenos naturales tales como rayos, inundaciones y tormentas, así como milagros. Las divinidades se presentan con gran variedad de formas, pero con frecuencia tienen forma humana o animal. Tanto las deidades como los demonios son seres que representan el misterio de la vida.'
179,59,2,'Los grandes demonios son seres presumiblemente sobrenaturales a los cuales normalmente se le atribuyen poderes importantes, aunque a algunos demonios no se les atribuye poder alguno. Se los considera capaces de provocar fenómenos naturales tales como rayos, inundaciones y tormentas, así como accidentes. Estos seres se presentan con gran variedad de formas, pero con frecuencia tienen forma humana o animal. Tanto las deidades como los demonios son seres que representan el misterio de la vida.'
